3,7,0,0,26,1.136
4,7,0,0,25,1.154
5,7,0,0,25,1.172
6,7,0,0,24,1.190
7,7,0,0,24,1.208
8,7,0,0,24,1.227
9,7,0,0,23,1.245
10,7,0,0,23,1.263
11,7,0,0,22,1.282
12,7,0,0,22,1.300
13,7,0,0,22,1.318
14,7,0,0,21,1.337
15,7,0,0,21,1.356
16,7,0,0,21,1.374
17,7,0,0,21,1.393
18,7,0,0,20,1.412
19,7,0,0,20,1.430
20,7,0,0,20,1.449
21,7,0,0,19,1.468
22,7,0,0,19,1.487
23,7,0,0,19,1.505
24,7,0,0,19,1.524
25,7,0,0,18,1.543
26,7,0,0,18,1.562
27,7,0,0,18,1.581
28,7,0,0,18,1.581
29,7,0,-1,18,1.582
30,7,0,-2,18,1.582
31,7,0,-3,18,1.583
32,7,0,-3,18,1.584
33,7,0,-4,18,1.586
34,7,0,-5,18,1.587
35,7,0,-6,18,1.589
36,7,0,-6,18,1.591
37,7,0,-7,18,1.594
38,7,0,-8,18,1.596
39,7,0,-9,18,1.599
40,7,0,-9,18,1.602
41,7,0,-10,18,1.606
42,7,0,-11,18,1.609
43,7,0,-12,18,1.613
44,7,0,-12,18,1.617
45,7,0,-13,17,1.622
46,7,0,-14,17,1.626
47,7,0,-14,17,1.631
48,7,0,-15,17,1.636
49,7,0,-16,17,1.641
50,7,0,-17,17,1.647
51,7,0,-17,17,1.652
52,7,0,-18,17,1.658
53,7,0,-19,17,1.664
54,7,0,-19,17,1.671
55,7,0,-20,17,1.677
56,7,0,-21,17,1.684
57,7,0,-21,17,1.691
58,7,0,-22,17,1.698
59,7,0,-23,17,1.706
60,7,0,-23,16,1.713
61,7,0,-24,16,1.721
62,7,0,-25,16,1.729
63,7,0,-25,16,1.737
64,7,0,-26,16,1.746
65,7,0,-26,16,1.754
66,7,0,-27,16,1.763
67,7,0,-28,16,1.772
68,7,0,-28,16,1.781
69,7,0,-29,16,1.790
70,7,0,-29,16,1.800
71,7,0,-30,16,1.810
72,7,0,-30,15,1.819
73,7,0,-31,15,1.829
74,7,0,-32,15,1.839
75,7,0,-32,15,1.850
76,7,0,-33,15,1.860
77,7,0,-33,15,1.871
78,7,0,-34,15,1.855
79,7,0,-34,15,1.839
80,7,0,-34,15,1.823
81,7,0,-35,16,1.807
82,7,0,-35,16,1.792
83,7,0,-35,16,1.776
84,7,0,-36,16,1.761
85,7,0,-36,16,1.745
86,7,0,-37,16,1.730
87,7,0,-37,16,1.715
88,7,0,-37,17,1.700
89,7,0,-38,17,1.685
90,7,0,-38,17,1.670
91,7,0,-39,17,1.655
92,7,0,-39,17,1.640
93,7,0,-40,17,1.626
94,7,0,-40,18,1.611
95,7,0,-41,18,1.597
96,7,0,-41,18,1.583
97,7,0,-42,18,1.568
98,7,0,-42,18,1.554
99,7,0,-43,18,1.541
100,7,0,-43,19,1.527
101,7,0,-44,19,1.513
142,8,1,146,29,2.062
143,8,1,146,29,2.062
144,8,1,146,29,2.062
145,8,1,146,29,2.062
146,8,1,146,29,2.062
147,8,1,146,29,2.062
148,8,1,146,29,2.062
149,8,1,146,29,2.062
150,8,1,146,29,2.062
151,8,1,146,29,2.062
152,8,1,146,29,2.062
153,8,1,146,29,2.062
154,8,1,146,29,2.062
155,8,1,146,29,2.062
156,8,1,146,29,2.062
157,8,1,146,29,2.062
158,8,1,146,29,2.062
159,8,1,146,29,2.062
160,8,1,146,29,2.062
161,8,1,146,29,2.062
162,8,1,146,29,2.062
163,8,1,146,29,2.062
164,8,1,146,29,2.062
165,8,1,146,29,2.062
166,8,1,146,29,2.062
167,8,1,146,29,2.062
168,8,1,146,29,2.062
169,8,1,146,29,2.062
170,8,1,146,29,2.062
171,8,1,146,29,2.062
172,8,1,146,29,2.062
173,8,1,146,29,2.062
174,8,1,146,29,2.062
175,8,1,146,29,2.062
176,8,1,146,29,2.062
177,8,1,146,29,2.062
178,8,1,146,29,2.062
179,8,1,146,29,2.062
180,8,1,146,29,2.062
181,8,1,146,29,2.062
182,8,1,146,29,2.062
183,8,1,146,29,2.062
184,8,1,146,29,2.062
185,8,1,146,29,2.062
186,8,1,146,29,2.062
214,2,2,-135,-35,0.866
215,2,2,-135,-35,0.866
216,2,2,-135,-35,0.866
217,2,2,-135,-35,0.866
218,2,2,-135,-35,0.866
219,2,2,-135,-35,0.866
220,2,2,-135,-35,0.866
221,2,2,-135,-35,0.866
222,2,2,-135,-35,0.866
266,6,3,34,29,2.045
267,6,3,34,29,2.028
268,6,3,34,29,2.011
269,6,3,35,30,1.994
270,6,3,35,30,1.978
271,6,3,36,30,1.962
272,6,3,36,30,1.946
273,6,3,37,31,1.930
274,6,3,37,31,1.914
275,6,3,38,31,1.898
276,6,3,38,32,1.883
277,6,3,39,32,1.867
278,6,3,39,32,1.852
279,6,3,40,32,1.837
280,6,3,41,33,1.822
281,6,3,41,33,1.807
282,6,3,42,33,1.793
283,6,3,42,34,1.779
284,6,3,43,34,1.765
285,6,3,44,34,1.751
286,6,3,44,35,1.737
287,6,3,44,35,1.723
288,6,3,43,35,1.710
289,6,3,43,36,1.697
290,6,3,42,36,1.684
291,6,3,41,36,1.672
292,6,3,40,37,1.659
293,6,3,40,37,1.647
294,6,3,39,37,1.635
295,6,3,38,38,1.624
296,6,3,37,38,1.612
297,6,3,36,38,1.601
298,6,3,36,38,1.590
299,6,3,35,39,1.580
300,6,3,34,39,1.570
301,6,3,33,39,1.560
302,6,3,32,40,1.550
303,6,3,31,40,1.540
304,6,3,30,40,1.531
305,6,3,29,41,1.522
306,6,3,28,41,1.514
307,6,3,27,41,1.506
308,6,3,26,41,1.496
309,6,3,26,40,1.480
310,6,3,26,40,1.465
311,6,3,26,39,1.450
312,6,3,26,38,1.435
313,6,3,26,38,1.421
314,6,3,26,37,1.406
315,6,3,26,36,1.392
316,6,3,26,35,1.378
317,6,3,26,34,1.365
318,6,3,26,34,1.352
319,6,3,26,33,1.339
320,6,3,26,32,1.326
321,6,3,26,31,1.313
322,6,3,26,30,1.301
323,6,3,26,29,1.289
324,6,3,26,28,1.278
325,6,3,26,28,1.267
326,6,3,26,27,1.256
327,6,3,26,26,1.245
328,6,3,26,25,1.235
396,1,4,90,42,0.740
397,1,4,90,40,0.773
398,1,4,90,38,0.808
399,1,4,90,36,0.844
400,1,4,90,34,0.881
401,1,4,90,32,0.918
402,1,4,90,31,0.956
403,1,4,90,30,0.995
404,1,4,90,28,1.034
405,1,4,90,27,1.074
406,1,4,90,26,1.114
407,1,4,87,26,1.119
408,1,4,85,26,1.121
409,1,4,82,26,1.126
410,1,4,80,26,1.132
411,1,4,77,26,1.139
412,1,4,75,25,1.149
413,1,4,72,25,1.160
414,1,4,70,25,1.173
415,1,4,68,24,1.187
416,1,4,66,24,1.203
417,1,4,63,24,1.221
418,1,4,61,23,1.239
419,1,4,59,23,1.260
420,1,4,57,22,1.281
421,1,4,56,22,1.303
422,1,4,54,22,1.327
423,1,4,52,21,1.352
424,1,4,51,21,1.378
425,1,4,49,20,1.404
426,1,4,48,20,1.432
427,1,4,46,20,1.461
428,1,4,45,19,1.490
429,1,4,44,19,1.480
430,1,4,42,20,1.451
431,1,4,41,20,1.423
432,1,4,39,20,1.395
433,1,4,38,21,1.369
434,1,4,36,21,1.344
435,1,4,34,22,1.319
436,1,4,33,22,1.296
437,1,4,31,23,1.274
438,1,4,29,23,1.253
439,1,4,27,23,1.233
440,1,4,26,23,1.245
441,1,4,25,22,1.283
442,1,4,24,22,1.320
443,1,4,23,21,1.359
444,1,4,22,20,1.397
445,1,4,21,20,1.436
446,1,4,21,19,1.475
447,1,4,20,19,1.515
448,1,4,19,18,1.555
449,1,4,19,18,1.595
450,1,4,18,17,1.636
451,1,4,17,17,1.652
452,1,4,16,17,1.640
453,1,4,14,17,1.629
454,1,4,12,17,1.618
455,1,4,11,18,1.609
456,1,4,9,18,1.602
457,1,4,7,18,1.595
458,1,4,6,18,1.590
459,1,4,4,18,1.586
460,1,4,2,18,1.583
461,1,4,1,18,1.581
462,1,4,0,17,1.576
463,1,4,0,16,1.563
464,1,4,0,14,1.551
465,1,4,0,13,1.540
466,1,4,0,11,1.531
467,1,4,0,9,1.522
468,1,4,0,8,1.515
469,1,4,0,6,1.510
470,1,4,0,4,1.505
471,1,4,0,3,1.502
472,1,4,0,1,1.500
473,1,4,0,0,1.500
474,1,4,-2,0,1.501
475,1,4,-3,0,1.503
476,1,4,-5,0,1.507
477,1,4,-7,0,1.512
478,1,4,-8,0,1.518
479,1,4,-10,0,1.526
480,1,4,-12,0,1.535
481,1,4,-13,0,1.545
482,1,4,-15,0,1.556
483,1,4,-17,0,1.569
484,1,4,-18,0,1.576
485,1,4,-19,0,1.534
486,1,4,-19,0,1.491
487,1,4,-20,0,1.449
488,1,4,-20,0,1.407
489,1,4,-21,0,1.365
490,1,4,-22,0,1.323
491,1,4,-22,0,1.282
492,1,4,-23,0,1.240
493,1,4,-24,0,1.199
494,1,4,-25,0,1.158
586,8,5,26,0,1.118
587,8,5,26,0,1.118
588,8,5,26,0,1.118
589,8,5,26,0,1.118
